Auto commit on Sat Feb 15 01:04:31 UTC 2025
Auto commit on Sat Feb 15 03:13:29 UTC 2025
Auto commit on Sat Feb 15 06:12:53 UTC 2025
Auto commit on Sat Feb 15 09:08:56 UTC 2025
Auto commit on Sat Feb 15 12:16:25 UTC 2025
Auto commit on Sat Feb 15 15:09:37 UTC 2025
Auto commit on Sat Feb 15 18:11:58 UTC 2025
Auto commit on Sat Feb 15 21:08:12 UTC 2025
Auto commit on Sun Feb 16 00:52:29 UTC 2025
Auto commit on Sun Feb 16 03:17:11 UTC 2025
Auto commit on Sun Feb 16 06:12:46 UTC 2025
Auto commit on Sun Feb 16 09:08:55 UTC 2025
Auto commit on Sun Feb 16 12:18:49 UTC 2025
Auto commit on Sun Feb 16 15:08:41 UTC 2025
Auto commit on Sun Feb 16 18:12:17 UTC 2025
Auto commit on Sun Feb 16 21:08:43 UTC 2025
Auto commit on Mon Feb 17 00:50:38 UTC 2025
Auto commit on Mon Feb 17 03:16:56 UTC 2025
Auto commit on Mon Feb 17 06:15:01 UTC 2025
Auto commit on Mon Feb 17 09:12:07 UTC 2025
Auto commit on Mon Feb 17 12:19:25 UTC 2025
Auto commit on Mon Feb 17 15:10:40 UTC 2025
Auto commit on Mon Feb 17 18:13:11 UTC 2025
Auto commit on Mon Feb 17 21:08:59 UTC 2025
Auto commit on Tue Feb 18 00:47:04 UTC 2025
Auto commit on Tue Feb 18 03:13:29 UTC 2025
Auto commit on Tue Feb 18 06:14:11 UTC 2025
Auto commit on Tue Feb 18 09:10:54 UTC 2025
Auto commit on Tue Feb 18 12:19:09 UTC 2025
Auto commit on Tue Feb 18 15:11:00 UTC 2025
Auto commit on Tue Feb 18 18:14:19 UTC 2025
Auto commit on Tue Feb 18 21:09:12 UTC 2025
Auto commit on Wed Feb 19 00:47:39 UTC 2025
Auto commit on Wed Feb 19 03:15:21 UTC 2025
Auto commit on Wed Feb 19 06:14:22 UTC 2025
Auto commit on Wed Feb 19 09:10:47 UTC 2025
Auto commit on Wed Feb 19 12:17:51 UTC 2025
Auto commit on Wed Feb 19 15:10:47 UTC 2025
Auto commit on Wed Feb 19 18:13:19 UTC 2025
Auto commit on Wed Feb 19 21:09:27 UTC 2025
Auto commit on Thu Feb 20 00:48:03 UTC 2025
Auto commit on Thu Feb 20 03:15:17 UTC 2025
Auto commit on Thu Feb 20 06:14:07 UTC 2025
Auto commit on Thu Feb 20 09:10:53 UTC 2025
Auto commit on Thu Feb 20 12:19:12 UTC 2025
Auto commit on Thu Feb 20 15:10:55 UTC 2025
Auto commit on Thu Feb 20 18:13:55 UTC 2025
Auto commit on Thu Feb 20 21:08:46 UTC 2025
Auto commit on Fri Feb 21 00:48:18 UTC 2025
Auto commit on Fri Feb 21 03:16:08 UTC 2025
Auto commit on Fri Feb 21 06:14:13 UTC 2025
Auto commit on Fri Feb 21 09:10:39 UTC 2025
Auto commit on Fri Feb 21 12:18:50 UTC 2025
Auto commit on Fri Feb 21 15:10:12 UTC 2025
Auto commit on Fri Feb 21 18:13:34 UTC 2025
Auto commit on Fri Feb 21 21:08:57 UTC 2025
Auto commit on Sat Feb 22 00:45:48 UTC 2025
Auto commit on Sat Feb 22 03:12:29 UTC 2025
Auto commit on Sat Feb 22 06:12:59 UTC 2025
Auto commit on Sat Feb 22 09:09:31 UTC 2025
Auto commit on Sat Feb 22 12:16:07 UTC 2025
Auto commit on Sat Feb 22 15:08:32 UTC 2025
Auto commit on Sat Feb 22 18:11:55 UTC 2025
Auto commit on Sat Feb 22 21:09:02 UTC 2025
Auto commit on Sun Feb 23 00:52:30 UTC 2025
Auto commit on Sun Feb 23 03:17:22 UTC 2025
Auto commit on Sun Feb 23 06:12:55 UTC 2025
Auto commit on Sun Feb 23 09:09:32 UTC 2025
Auto commit on Sun Feb 23 12:16:22 UTC 2025
